brand,model
Acura,CDX
Acura,CL
Acura,EL
Acura,ILX
Acura,Integra
Acura,MDX
Acura,NSX
Acura,RDX
Acura,RL
Acura,RLX
Acura,RSX
Acura,TL
Acura,TLX
Acura,TLX-L
Acura,TSX
Acura,ZDX
Alfa Romeo,146
Alfa Romeo,147
Alfa Romeo,147 GTA
Alfa Romeo,156
Alfa Romeo,156 GTA
Alfa Romeo,159
Alfa Romeo,166
Alfa Romeo,4C
Alfa Romeo,8C Competizione
Alfa Romeo,Brera
Alfa Romeo,Giulia
Alfa Romeo,Giulietta
Alfa Romeo,GT
Alfa Romeo,GTV
Alfa Romeo,MiTo
Alfa Romeo,Spider
Alfa Romeo,Stelvio
Alfa Romeo,Tonale
Aston Martin,Cygnet
Aston Martin,DB11
Aston Martin,DB9
Aston Martin,DBS
Aston Martin,DBS Superleggera
Aston Martin,DBS Violante
Aston Martin,DBX
Aston Martin,Rapide
Aston Martin,V12 Vanquish
Aston Martin,V12 Vantage
Aston Martin,V8 Vantage
Aston Martin,Valkyrie
Aston Martin,Vanquish
Aston Martin,Vantage
Aston Martin,Virage
Aston Martin,Zagato Coupe
Audi,A1
Audi,A1 Allstreet
Audi,A1 Citycarver
Audi,A2
Audi,A3
Audi,A4
Audi,A4 Allroad Quattro
Audi,A5
Audi,A6
Audi,A7
Audi,A8
Audi,Allroad
Audi,e-tron
Audi,e-tron GT
Audi,e-tron S
Audi,e-tron S Sportback
Audi,e-tron Sportback
Audi,Q2
Audi,Q2L
Audi,Q3
Audi,Q3 Sportback
Audi,Q4
Audi,Q4 Sportback
Audi,Q5
Audi,Q5 Sportback
Audi,Q6
Audi,Q7
Audi,Q8
Audi,Q8 e-tron
Audi,R8
Audi,RS e-tron GT
Audi,RS Q3
Audi,RS Q3 Sportback
Audi,RS Q7
Audi,RS Q8
Audi,RS3
Audi,RS4
Audi,RS5
Audi,RS6
Audi,RS7
Audi,S1
Audi,S3
Audi,S4
Audi,S5
Audi,S6
Audi,S7
Audi,S8
Audi,SQ2
Audi,SQ5
Audi,SQ5 Sportback
Audi,SQ7
Audi,SQ8
Audi,SQ8 e-tron
Audi,SQ8 Sportback e-tron
Audi,TT
Audi,TT RS
Audi,TTS
Bentley,Arnage
Bentley,Azure
Bentley,Bentayga
Bentley,Brooklands
Bentley,Continental
Bentley,Continental Flying Spur
Bentley,Continental GT
Bentley,Continental GTC
Bentley,Flying Spur
Bentley,Mulsanne
BMW,1 series
BMW,2 series
BMW,3 series
BMW,4 series
BMW,5 series
BMW,6 series
BMW,7 series
BMW,8 series
BMW,i3
BMW,i4
BMW,i7
BMW,i8
BMW,iX
BMW,iX1
BMW,iX3
BMW,M2
BMW,M3
BMW,M4
BMW,M5
BMW,M6
BMW,M8
BMW,X1
BMW,X2
BMW,X3
BMW,X3 M
BMW,X4
BMW,X4 M
BMW,X5
BMW,X5 M
BMW,X6
BMW,X6 M
BMW,X7
BMW,XM
BMW,Z3
BMW,Z4
BMW,Z8
Brilliance,H230
Brilliance,V3
Brilliance,V5
Bugatti,Chiron
Bugatti,Divo
Bugatti,Veyron
Buick,Century
Buick,Enclave
Buick,Encore
Buick,Envision
Buick,GL8 ES
Buick,La Crosse
Buick,LaCrosse
Buick,Le Sabre
Buick,Lucerne
Buick,Park Avenue
Buick,Rainier
Buick,Regal
Buick,Rendezvouz
Buick,Terraza
Buick,Verano
BYD,Qin
Cadillac,ATS
Cadillac,ATS-V
Cadillac,BLS
Cadillac,CT4
Cadillac,CT4-V
Cadillac,CT5
Cadillac,CT5-V
Cadillac,CT6
Cadillac,CTS
Cadillac,De Ville
Cadillac,DTS
Cadillac,Eldorado
Cadillac,ELR
Cadillac,Escalade
Cadillac,Lyriq
Cadillac,Seville
Cadillac,SRX
Cadillac,STS
Cadillac,XLR
Cadillac,XT4
Cadillac,XT5
Cadillac,XT6
Cadillac,XTS
Changan,Alsvin
Changan,CS35
Changan,CS35 Plus
Changan,CS55
Changan,CS55 Plus
Changan,CS75
Changan,CS75 Plus
Changan,CS85 Coupe
Changan,CS95
Changan,Eado
Changan,Eado Plus
Changan,Raeton
Changan,Raeton CC
Changan,Raeton Plus
Changan,Uni-K
Changan,Uni-T
Changan,Uni-V
Chery,Amulet
Chery,Arrizo 5 Plus
Chery,Arrizo 6
Chery,Arrizo 6 Pro
Chery,Arrizo 7
Chery,Arrizo 8
Chery,Bonus
Chery,Bonus 3
Chery,CrossEastar
Chery,Eastar
Chery,eQ
Chery,eQ1
Chery,eQ5
Chery,Fora
Chery,iCar
Chery,IndiS
Chery,Kimo
Chery,M11
Chery,Omoda 5
Chery,QQ
Chery,QQ3
Chery,QQ6
Chery,Tiggo
Chery,Tiggo 2
Chery,Tiggo 2 Pro
Chery,Tiggo 3
Chery,Tiggo 4
Chery,Tiggo 4 Pro
Chery,Tiggo 5
Chery,Tiggo 7
Chery,Tiggo 7 Pro
Chery,Tiggo 8
Chery,Tiggo 8 Plus
Chery,Tiggo 8 Pro
Chery,Tiggo 8 Pro Max
Chery,Tiggo e
Chery,Very
Chevrolet,Astro
Chevrolet,Avalanche
Chevrolet,Aveo
Chevrolet,Beat
Chevrolet,Blazer
Chevrolet,Bolt
Chevrolet,Bolt EUV
Chevrolet,Camaro
Chevrolet,Captiva
Chevrolet,Cavalier
Chevrolet,Cobalt
Chevrolet,Colorado
Chevrolet,Corvette
Chevrolet,Cruze
Chevrolet,Epica
Chevrolet,Equinox
Chevrolet,Express
Chevrolet,HHR
Chevrolet,Impala
Chevrolet,Lacetti
Chevrolet,Lanos
Chevrolet,Malibu
Chevrolet,Monte Carlo
Chevrolet,Niva
Chevrolet,Orlando
Chevrolet,Rezzo
Chevrolet,Silverado
Chevrolet,Silverado 1500
Chevrolet,Silverado 2500 HD
Chevrolet,Spark
Chevrolet,SSR
Chevrolet,Suburban
Chevrolet,Tahoe
Chevrolet,TrailBlazer
Chevrolet,Traverse
Chevrolet,Trax
Chevrolet,Uplander
Chevrolet,Venture
Chrysler,200
Chrysler,300
Chrysler,300M
Chrysler,Aspen
Chrysler,Concorde
Chrysler,Crossfire
Chrysler,Grand Caravan
Chrysler,Grand Voyager
Chrysler,Pacifica
Chrysler,PT Cruiser
Chrysler,Sebring
Chrysler,Town & Country
Chrysler,Voyager
Citroen,Berlingo
Citroen,C-Crosser
Citroen,C-Elysee
Citroen,C1
Citroen,C2
Citroen,C3
Citroen,C3 Aircross
Citroen,C3 Picasso
Citroen,C3 Pluriel
Citroen,C4
Citroen,C4 Aircross
Citroen,C4 Cactus
Citroen,C4 Picasso
Citroen,C4 SpaceTourer
Citroen,C4 X
Citroen,C5
Citroen,C5 Aircross
Citroen,C6
Citroen,C8
Citroen,DS 7 Crossback
Citroen,DS3
Citroen,DS4
Citroen,DS5
Citroen,Grand C4 Picasso
Citroen,Grand C4 SpaceTourer
Citroen,Jumper
Citroen,Jumpy
Citroen,Nemo
Citroen,Saxo
Citroen,Spacetourer
Citroen,Xsara
Citroen,Xsara Picasso
Dacia,Dokker
Dacia,Lodgy
Dacia,Solenza
Dacia,Spring
Dacia,SupeRNova
Daewoo,Evanda
Daewoo,Kalos
Daewoo,Leganza
Daewoo,Magnus
Daewoo,Matiz
Daewoo,Nexia
Daewoo,Nubira
Daihatsu,Applause
Daihatsu,Cast
Daihatsu,Copen
Daihatsu,Cuore
Daihatsu,Gran Move
Daihatsu,Luxio
Daihatsu,Materia
Daihatsu,Mebius
Daihatsu,Move
Daihatsu,Rocky
Daihatsu,Sirion
Daihatsu,Terios
Daihatsu,Trevis
Daihatsu,YRV
Datsun,mi-DO
Datsun,on-DO
Dodge,Avenger
Dodge,Caliber
Dodge,Caliber SRT4
Dodge,Caravan
Dodge,Challenger
Dodge,Charger
Dodge,Dakota
Dodge,Dart